AbujaClinics,Single Sites,
Adenle,GBB Staff,
AEPB,Single Sites,
AGIS,Single Sites,
AIB,Single Sites,
AppealCourt,Single Sites,
ARCN,Single Sites,
ARMY,Multiple Sites,
Baffajo,GBB Staff,
BCDA,Single Sites,
BIOTECH,Single Sites,
BoundaryComm,Single Sites,
BPE,Single Sites,
BPP,Single Sites,
BudgetOff,Single Sites,
CAC,Single Sites,
CHEC,Single Sites,
COREN,,
Corrections,Single Sites,
Customary Court,Unrestricted,
Customary Court Of Appeal UTAKO,Single Sites,
Customs,Single Sites,
DHQ,Multiple Sites,
DIA,Single Sites,
DMO HQ,Single Sites,
DSS,Multiple Sites,
ECN,Single Sites,
EFCC,Single Sites,
egovcenter,Multiple Sites,
ENVIRONMENT,Single Sites,
FAAN,Single Sites,
Faruq,Unrestricted,
FCDA,Single Sites,
FCSC,Single Sites,
FCTA,Single Sites,
FERMA,Single Sites,
FIRS,Single Sites,
FMAgric,Single Sites,
FMHOUS,Multiple Sites,
FMJ,Single Sites,
FMMS,,
FMWA,Single Sites,
FMWH,,
FMWorks,Single Sites,
fname,tellez,
fraser,Single Sites,
FRSC,Multiple Sites,
GACN,Single Sites,
Henry,GBB Staff,
Huawei,Multiple Sites,
Interra,Single Sites,
Jaiz,Single Sites,
JAMB,Single Sites,
KRPC-NNPC,Single Sites,
metro,GBB Staff,
Ministry of Defence,Unrestricted,
Ministry of Power,Single Sites,
MoD,Single Sites,
MOT,Single Sites,
MOTA ENGIL,Single Sites,
MPR,Single Sites,
NADF,Unrestricted,
Nadf1,Single Sites,
NAF,Multiple Sites,
NAFDAC,Single Sites,
NAICOM,Single Sites,
NAN,Single Sites,
NAPET,Multiple Sites,
NAPET ENSERV,Single Sites,
NatLibrary,Single Sites,
NAVY,Multiple Sites,
NBET,Multiple Sites,
NCAA,Single Sites,
NCC,Multiple Sites,
NCPC,Single Sites,
NDC,Multiple Sites,
NDE,Single Sites,
NDIC,Single Sites,
NEMA,Single Sites,
Nemsa,Single Sites,
NEPC,Single Sites,
NEPZA,Single Sites,
NERC,Multiple Sites,
netsecurity,GBB Staff,
NEXIM,Single Sites,
NGMC,Multiple Sites,
NHIS,Multiple Sites,
NIGCOMSAT,Multiple Sites,
NIMC,Multiple Sites,
NIMET,Single Sites,
NIPC,Single Sites,
Nipost,Single Sites,
NIS,Single Sites,
NITDA,Multiple Sites,
NJC,Multiple Sites,
NLS,Single Sites,
NNPC-CBT,Single Sites,
NNPC-KRPC,Single Sites,
NNPC-WRPC,Single Sites,
NNRA,Single Sites,
NPA,Multiple Sites,
NPC,Single Sites,
NPF,Single Sites,
NPOPC,,
NPSC,Single Sites,
NSIO,Single Sites,
NSITF,Single Sites,
NSPM,Single Sites,
NSSEC,Single Sites,
NTA,Single Sites,
NUC,Multiple Sites,
NUIMC-NAPET,Single Sites,
OAGF,Single Sites,
OAuGF,Single Sites,
ONSA,Multiple Sites,
ONSA Z4,Multiple Sites,
PAF,Single Sites,
PCC,Single Sites,
PEF,Single Sites,
PENCOM,Single Sites,
Philip,Unrestricted,
PPPRA,Single Sites,
PTDF,Multiple Sites,
RMAFC,Single Sites,
Rosemary,GBB Staff,
SCN,Single Sites,
servicedesk,GBB Staff,
SMEDAN,Single Sites,
SON,Single Sites,
STATE HOUSE,Multiple Sites,
SurvGen,Single Sites,
TajBank,Single Sites,
Tawada,Single Sites,
TCN,Single Sites,
test,GBB Staff,
TETFUND,Multiple Sites,
Tolu,Unrestricted,
UBEC,Single Sites,
Udochi,GBB Staff,
Ujubello,Unrestricted,
WomenCtr,Single Sites,
WRPC-NNPC,Single Sites,
,,
,,
,,
,,
,,
